Workbook

Sheet GÜZERGAH TALEP
A1: SEFER ZAMAN / GÜZERGAH TALEP FORMU
A2: TALEP TARİHİ
A3: TALEP EDEN (AD & SOYAD) | C3: Erkan İPEK | G3: SAYFADA SADECE BEYAZ RENKLİ HÜCRELER DOLDURULACAKTIR !!
A4: BAĞLI OLDUĞU TUR | C4: Çukurova
A5: GÜZERGAH
A8: GİDİŞ | D8: TOPLAM SEYAHAT SÜRESİ | F8: → | G8: =IF(G11="","",IFERROR(SUM(E13:E100),"")) -> 0.75 | I8: DÖNÜŞ | L8: TOPLAM SEYAHAT SÜRESİ | N8: → | O8: =IF(O11="","",IFERROR(SUM(M13:M100),"")) -> 0.72916667
A10: DURAK SIRA NO | B10: DURAK KODU | C10: DURAK | D10: SÜRE | F10: KALKIŞ / VARIŞ SAATLERİ | I10: DURAK SIRA NO | J10: DURAK KODU | K10: DURAK | L10: SÜRE | N10: KALKIŞ / VARIŞ SAATLERİ
A11: =IF(C11="","",ROW()-10) -> 1 | B11: =IFERROR(IF(C11="","",VLOOKUP(C11,'DURAK İSİMLERİ'!$C:$D,2,0)),"") -> HT1 | C11: HATAY | D11: ANA DURAK KALKIŞ SAATİ → | G11: 0.58333333 | I11: =IF(K11="","",ROW()-10) -> 1 | J11: =IFERROR(IF(K11="","",VLOOKUP(K11,'DURAK İSİMLERİ'!$C:$D,2,0)),"") -> FH1 | K11: FETHİYE | L11: ANA DURAK KALKIŞ SAATİ → | O11: 0.64583333
A13: =IF(C13="","",A11+1) -> 2 | B13: =IFERROR(IF(C13="","",VLOOKUP(C13,'DURAK İSİMLERİ'!$C:$D,2,0)),"") -> QH1 | C13: KIRIKHAN | D13: SEYAHAT SÜRESİ → | E13: 0.020833333 | F13: VARIŞ → | G13: =IFERROR(IF(E13="","",SUM($G$11,$E$13:$E13)),"") -> 0.60416667 | I13: =IF(K13="","",I11+1) -> 2 | J13: =IFERROR(IF(K13="","",VLOOKUP(K13,'DURAK İSİMLERİ'!$C:$D,2,0)),"") -> AT1 | K13: ANTALYA | L13: SEYAHAT SÜRESİ → | M13: 0.125 | N13: VARIŞ → | O13: =IFERROR(IF(M13="","",SUM($O$11,$M$13:$M13)),"") -> 0.77083333
D14: PERON SÜRESİ → | E14: 0 | F14: KALKIŞ → | G14: =IFERROR(IF(E14="","",SUM($G$11,$E$13:$E14)),"") -> 0.60416667 | L14: PERON SÜRESİ → | M14: 0.020833333 | N14: KALKIŞ → | O14: =IFERROR(IF(M14="","",SUM($O$11,$M$13:$M14)),"") -> 0.79166667
A15: =IF(C15="","",A13+1) -> 3 | B15: =IFERROR(IF(C15="","",VLOOKUP(C15,'DURAK İSİMLERİ'!$C:$D,2,0)),"") | C15: İSKENDERUN | D15: SEYAHAT SÜRESİ → | E15: 0.038194444 | F15: VARIŞ → | G15: =IFERROR(IF(E15="","",SUM($G$11,$E$13:$E15)),"") -> 0.64236111 | I15: =IF(K15="","",I13+1) -> 3 | J15: =IFERROR(IF(K15="","",VLOOKUP(K15,'DURAK İSİMLERİ'!$C:$D,2,0)),"") -> SR1 | K15: SERİK | L15: SEYAHAT SÜRESİ → | M15: 0.027777778 | N15: VARIŞ → | O15: =IFERROR(IF(M15="","",SUM($O$11,$M$13:$M15)),"") -> 0.81944444
D16: PERON SÜRESİ → | E16: 0.0034722222 | F16: KALKIŞ → | G16: =IFERROR(IF(E16="","",SUM($G$11,$E$13:$E16)),"") -> 0.64583333 | L16: PERON SÜRESİ → | M16: 0.0034722222 | N16: KALKIŞ → | O16: =IFERROR(IF(M16="","",SUM($O$11,$M$13:$M16)),"") -> 0.82291667
A17: =IF(C17="","",A15+1) -> 4 | B17: =IFERROR(IF(C17="","",VLOOKUP(C17,'DURAK İSİMLERİ'!$C:$D,2,0)),"") -> PY1 | C17: PAYAS | D17: SEYAHAT SÜRESİ → | E17: 0.020833333 | F17: VARIŞ → | G17: =IFERROR(IF(E17="","",SUM($G$11,$E$13:$E17)),"") -> 0.66666667 | I17: =IF(K17="","",I15+1) -> 4 | J17: =IFERROR(IF(K17="","",VLOOKUP(K17,'DURAK İSİMLERİ'!$C:$D,2,0)),"") -> MN1 | K17: MANAVGAT | L17: SEYAHAT SÜRESİ → | M17: 0.027777778 | N17: VARIŞ → | O17: =IFERROR(IF(M17="","",SUM($O$11,$M$13:$M17)),"") -> 0.85069444
D18: PERON SÜRESİ → | E18: 0 | F18: KALKIŞ → | G18: =IFERROR(IF(E18="","",SUM($G$11,$E$13:$E18)),"") -> 0.66666667 | L18: PERON SÜRESİ → | M18: 0.0034722222 | N18: KALKIŞ → | O18: =IFERROR(IF(M18="","",SUM($O$11,$M$13:$M18)),"") -> 0.85416667
A19: =IF(C19="","",A17+1) -> 5 | B19: =IFERROR(IF(C19="","",VLOOKUP(C19,'DURAK İSİMLERİ'!$C:$D,2,0)),"") -> DT1 | C19: DÖRTYOL | D19: SEYAHAT SÜRESİ → | E19: 0.010416667 | F19: VARIŞ → | G19: =IFERROR(IF(E19="","",SUM($G$11,$E$13:$E19)),"") -> 0.67708333 | I19: =IF(K19="","",I17+1) -> 5 | J19: =IFERROR(IF(K19="","",VLOOKUP(K19,'DURAK İSİMLERİ'!$C:$D,2,0)),"") -> AL1 | K19: ALANYA | L19: SEYAHAT SÜRESİ → | M19: 0.038194444 | N19: VARIŞ → | O19: =IFERROR(IF(M19="","",SUM($O$11,$M$13:$M19)),"") -> 0.89236111
D20: PERON SÜRESİ → | E20: 0 | F20: KALKIŞ → | G20: =IFERROR(IF(E20="","",SUM($G$11,$E$13:$E20)),"") -> 0.67708333 | L20: PERON SÜRESİ → | M20: 0.0034722222 | N20: KALKIŞ → | O20: =IFERROR(IF(M20="","",SUM($O$11,$M$13:$M20)),"") -> 0.89583333
A21: =IF(C21="","",A19+1) -> 6 | B21: =IFERROR(IF(C21="","",VLOOKUP(C21,'DURAK İSİMLERİ'!$C:$D,2,0)),"") -> CY1 | C21: CEYHAN | D21: SEYAHAT SÜRESİ → | E21: 0.027777778 | F21: VARIŞ → | G21: =IFERROR(IF(E21="","",SUM($G$11,$E$13:$E21)),"") -> 0.70486111 | I21: =IF(K21="","",I19+1) -> 6 | J21: =IFERROR(IF(K21="","",VLOOKUP(K21,'DURAK İSİMLERİ'!$C:$D,2,0)),"") | K21: GAZİAPAŞA | L21: SEYAHAT SÜRESİ → | M21: 0.038194444 | N21: VARIŞ → | O21: =IFERROR(IF(M21="","",SUM($O$11,$M$13:$M21)),"") -> 0.93402778
D22: PERON SÜRESİ → | E22: 0.0034722222 | F22: KALKIŞ → | G22: =IFERROR(IF(E22="","",SUM($G$11,$E$13:$E22)),"") -> 0.70833333 | L22: PERON SÜRESİ → | M22: 0.0034722222 | N22: KALKIŞ → | O22: =IFERROR(IF(M22="","",SUM($O$11,$M$13:$M22)),"") -> 0.9375
A23: =IF(C23="","",A21+1) -> 7 | B23: =IFERROR(IF(C23="","",VLOOKUP(C23,'DURAK İSİMLERİ'!$C:$D,2,0)),"") -> AD1 | C23: ADANA | D23: SEYAHAT SÜRESİ → | E23: 0.038194444 | F23: VARIŞ → | G23: =IFERROR(IF(E23="","",SUM($G$11,$E$13:$E23)),"") -> 0.74652778 | I23: =IF(K23="","",I21+1) -> 7 | J23: =IFERROR(IF(K23="","",VLOOKUP(K23,'DURAK İSİMLERİ'!$C:$D,2,0)),"") | K23: GAZİAPAŞA ÇELİKLER | L23: SEYAHAT SÜRESİ → | M23: 0.0034722222 | N23: VARIŞ → | O23: =IFERROR(IF(M23="","",SUM($O$11,$M$13:$M23)),"") -> 0.94097222
D24: PERON SÜRESİ → | E24: 0.0034722222 | F24: KALKIŞ → | G24: =IFERROR(IF(E24="","",SUM($G$11,$E$13:$E24)),"") -> 0.75 | L24: PERON SÜRESİ → | M24: 0.020833333 | N24: KALKIŞ → | O24: =IFERROR(IF(M24="","",SUM($O$11,$M$13:$M24)),"") -> 0.96180556
A25: =IF(C25="","",A23+1) -> 8 | B25: =IFERROR(IF(C25="","",VLOOKUP(C25,'DURAK İSİMLERİ'!$C:$D,2,0)),"") -> TS1 | C25: TARSUS | D25: SEYAHAT SÜRESİ → | E25: 0.03125 | F25: VARIŞ → | G25: =IFERROR(IF(E25="","",SUM($G$11,$E$13:$E25)),"") -> 0.78125 | I25: =IF(K25="","",I23+1) -> 8 | J25: =IFERROR(IF(K25="","",VLOOKUP(K25,'DURAK İSİMLERİ'!$C:$D,2,0)),"") -> DB1 | K25: ANAMUR | L25: SEYAHAT SÜRESİ → | M25: 0.0375 | N25: VARIŞ → | O25: =IFERROR(IF(M25="","",SUM($O$11,$M$13:$M25)),"") -> 0.99930556
D26: PERON SÜRESİ → | E26: 0 | F26: KALKIŞ → | G26: =IFERROR(IF(E26="","",SUM($G$11,$E$13:$E26)),"") -> 0.78125 | L26: PERON SÜRESİ → | M26: 0 | N26: KALKIŞ → | O26: =IFERROR(IF(M26="","",SUM($O$11,$M$13:$M26)),"") -> 0.99930556
A27: =IF(C27="","",A25+1) -> 9 | B27: =IFERROR(IF(C27="","",VLOOKUP(C27,'DURAK İSİMLERİ'!$C:$D,2,0)),"") -> ME1 | C27: MERSİN | D27: SEYAHAT SÜRESİ → | E27: 0.027777778 | F27: VARIŞ → | G27: =IFERROR(IF(E27="","",SUM($G$11,$E$13:$E27)),"") -> 0.80902778 | I27: =IF(K27="","",I25+1) -> 9 | J27: =IFERROR(IF(K27="","",VLOOKUP(K27,'DURAK İSİMLERİ'!$C:$D,2,0)),"") | K27: BREAK MOLA | L27: SEYAHAT SÜRESİ → | M27: 0.073611111 | N27: VARIŞ → | O27: =IFERROR(IF(M27="","",SUM($O$11,$M$13:$M27)),"") -> 1.0729167
D28: PERON SÜRESİ → | E28: 0.0034722222 | F28: KALKIŞ → | G28: =IFERROR(IF(E28="","",SUM($G$11,$E$13:$E28)),"") -> 0.8125 | L28: PERON SÜRESİ → | M28: 0.020833333 | N28: KALKIŞ → | O28: =IFERROR(IF(M28="","",SUM($O$11,$M$13:$M28)),"") -> 1.09375
A29: =IF(C29="","",A27+1) -> 10 | B29: =IFERROR(IF(C29="","",VLOOKUP(C29,'DURAK İSİMLERİ'!$C:$D,2,0)),"") -> EM1 | C29: ERDEMLİ | D29: SEYAHAT SÜRESİ → | E29: 0.020833333 | F29: VARIŞ → | G29: =IFERROR(IF(E29="","",SUM($G$11,$E$13:$E29)),"") -> 0.83333333 | I29: =IF(K29="","",I27+1) -> 10 | J29: =IFERROR(IF(K29="","",VLOOKUP(K29,'DURAK İSİMLERİ'!$C:$D,2,0)),"") -> FE1 | K29: SİLİFKE | L29: SEYAHAT SÜRESİ → | M29: 0.020833333 | N29: VARIŞ → | O29: =IFERROR(IF(M29="","",SUM($O$11,$M$13:$M29)),"") -> 1.1145833
D30: PERON SÜRESİ → | E30: 0 | F30: KALKIŞ → | G30: =IFERROR(IF(E30="","",SUM($G$11,$E$13:$E30)),"") -> 0.83333333 | L30: PERON SÜRESİ → | M30: 0 | N30: KALKIŞ → | O30: =IFERROR(IF(M30="","",SUM($O$11,$M$13:$M30)),"") -> 1.1145833
A31: =IF(C31="","",A29+1) -> 11 | B31: =IFERROR(IF(C31="","",VLOOKUP(C31,'DURAK İSİMLERİ'!$C:$D,2,0)),"") -> FE1 | C31: SİLİFKE | D31: SEYAHAT SÜRESİ → | E31: 0.020833333 | F31: VARIŞ → | G31: =IFERROR(IF(E31="","",SUM($G$11,$E$13:$E31)),"") -> 0.85416667 | I31: =IF(K31="","",I29+1) -> 11 | J31: =IFERROR(IF(K31="","",VLOOKUP(K31,'DURAK İSİMLERİ'!$C:$D,2,0)),"") -> EM1 | K31: ERDEMLİ | L31: SEYAHAT SÜRESİ → | M31: 0.020833333 | N31: VARIŞ → | O31: =IFERROR(IF(M31="","",SUM($O$11,$M$13:$M31)),"") -> 1.1354167
D32: PERON SÜRESİ → | E32: 0 | F32: KALKIŞ → | G32: =IFERROR(IF(E32="","",SUM($G$11,$E$13:$E32)),"") -> 0.85416667 | L32: PERON SÜRESİ → | M32: 0 | N32: KALKIŞ → | O32: =IFERROR(IF(M32="","",SUM($O$11,$M$13:$M32)),"") -> 1.1354167
A33: =IF(C33="","",A31+1) -> 12 | B33: =IFERROR(IF(C33="","",VLOOKUP(C33,'DURAK İSİMLERİ'!$C:$D,2,0)),"") | C33: BREAK MOLA | D33: SEYAHAT SÜRESİ → | E33: 0.0625 | F33: VARIŞ → | G33: =IFERROR(IF(E33="","",SUM($G$11,$E$13:$E33)),"") -> 0.91666667 | I33: =IF(K33="","",I31+1) -> 12 | J33: =IFERROR(IF(K33="","",VLOOKUP(K33,'DURAK İSİMLERİ'!$C:$D,2,0)),"") -> ME1 | K33: MERSİN | L33: SEYAHAT SÜRESİ → | M33: 0.03125 | N33: VARIŞ → | O33: =IFERROR(IF(M33="","",SUM($O$11,$M$13:$M33)),"") -> 1.1666667
D34: PERON SÜRESİ → | E34: 0.020833333 | F34: KALKIŞ → | G34: =IFERROR(IF(E34="","",SUM($G$11,$E$13:$E34)),"") -> 0.9375 | L34: PERON SÜRESİ → | M34: 0 | N34: KALKIŞ → | O34: =IFERROR(IF(M34="","",SUM($O$11,$M$13:$M34)),"") -> 1.1666667
A35: =IF(C35="","",A33+1) -> 13 | B35: =IFERROR(IF(C35="","",VLOOKUP(C35,'DURAK İSİMLERİ'!$C:$D,2,0)),"") -> DB1 | C35: ANAMUR | D35: SEYAHAT SÜRESİ → | E35: 0.0625 | F35: VARIŞ → | G35: =IFERROR(IF(E35="","",SUM($G$11,$E$13:$E35)),"") -> 1 | I35: =IF(K35="","",I33+1) -> 13 | J35: =IFERROR(IF(K35="","",VLOOKUP(K35,'DURAK İSİMLERİ'!$C:$D,2,0)),"") -> TS1 | K35: TARSUS | L35: SEYAHAT SÜRESİ → | M35: 0.020833333 | N35: VARIŞ → | O35: =IFERROR(IF(M35="","",SUM($O$11,$M$13:$M35)),"") -> 1.1875
D36: PERON SÜRESİ → | E36: 0 | F36: KALKIŞ → | G36: =IFERROR(IF(E36="","",SUM($G$11,$E$13:$E36)),"") -> 1 | L36: PERON SÜRESİ → | M36: 0 | N36: KALKIŞ → | O36: =IFERROR(IF(M36="","",SUM($O$11,$M$13:$M36)),"") -> 1.1875
A37: =IF(C37="","",A35+1) -> 14 | B37: =IFERROR(IF(C37="","",VLOOKUP(C37,'DURAK İSİMLERİ'!$C:$D,2,0)),"") | C37: GAZİPAŞA ÇELİKLER MOLA | D37: SEYAHAT SÜRESİ → | E37: 0.041666667 | F37: VARIŞ → | G37: =IFERROR(IF(E37="","",SUM($G$11,$E$13:$E37)),"") -> 1.0416667 | I37: =IF(K37="","",I35+1) -> 14 | J37: =IFERROR(IF(K37="","",VLOOKUP(K37,'DURAK İSİMLERİ'!$C:$D,2,0)),"") -> AD1 | K37: ADANA | L37: SEYAHAT SÜRESİ → | M37: 0.03125 | N37: VARIŞ → | O37: =IFERROR(IF(M37="","",SUM($O$11,$M$13:$M37)),"") -> 1.21875
D38: PERON SÜRESİ → | E38: 0.020833333 | F38: KALKIŞ → | G38: =IFERROR(IF(E38="","",SUM($G$11,$E$13:$E38)),"") -> 1.0625 | L38: PERON SÜRESİ → | M38: 0.010416667 | N38: KALKIŞ → | O38: =IFERROR(IF(M38="","",SUM($O$11,$M$13:$M38)),"") -> 1.2291667
A39: =IF(C39="","",A37+1) -> 15 | B39: =IFERROR(IF(C39="","",VLOOKUP(C39,'DURAK İSİMLERİ'!$C:$D,2,0)),"") -> GP1 | C39: GAZİPAŞA | D39: SEYAHAT SÜRESİ → | E39: 0.0034722222 | F39: VARIŞ → | G39: =IFERROR(IF(E39="","",SUM($G$11,$E$13:$E39)),"") -> 1.0659722 | I39: =IF(K39="","",I37+1) -> 15 | J39: =IFERROR(IF(K39="","",VLOOKUP(K39,'DURAK İSİMLERİ'!$C:$D,2,0)),"") -> CY1 | K39: CEYHAN | L39: SEYAHAT SÜRESİ → | M39: 0.038194444 | N39: VARIŞ → | O39: =IFERROR(IF(M39="","",SUM($O$11,$M$13:$M39)),"") -> 1.2673611
D40: PERON SÜRESİ → | E40: 0.0034722222 | F40: KALKIŞ → | G40: =IFERROR(IF(E40="","",SUM($G$11,$E$13:$E40)),"") -> 1.0694444 | L40: PERON SÜRESİ → | M40: 0.0034722222 | N40: KALKIŞ → | O40: =IFERROR(IF(M40="","",SUM($O$11,$M$13:$M40)),"") -> 1.2708333
A41: =IF(C41="","",A39+1) -> 16 | B41: =IFERROR(IF(C41="","",VLOOKUP(C41,'DURAK İSİMLERİ'!$C:$D,2,0)),"") -> AL1 | C41: ALANYA | D41: SEYAHAT SÜRESİ → | E41: 0.038194444 | F41: VARIŞ → | G41: =IFERROR(IF(E41="","",SUM($G$11,$E$13:$E41)),"") -> 1.1076389 | I41: =IF(K41="","",I39+1) -> 16 | J41: =IFERROR(IF(K41="","",VLOOKUP(K41,'DURAK İSİMLERİ'!$C:$D,2,0)),"") -> DT1 | K41: DÖRTYOL | L41: SEYAHAT SÜRESİ → | M41: 0.03125 | N41: VARIŞ → | O41: =IFERROR(IF(M41="","",SUM($O$11,$M$13:$M41)),"") -> 1.3020833
D42: PERON SÜRESİ → | E42: 0.0069444444 | F42: KALKIŞ → | G42: =IFERROR(IF(E42="","",SUM($G$11,$E$13:$E42)),"") -> 1.1145833 | L42: PERON SÜRESİ → | M42: 0 | N42: KALKIŞ → | O42: =IFERROR(IF(M42="","",SUM($O$11,$M$13:$M42)),"") -> 1.3020833
A43: =IF(C43="","",A41+1) -> 17 | B43: =IFERROR(IF(C43="","",VLOOKUP(C43,'DURAK İSİMLERİ'!$C:$D,2,0)),"") -> MN1 | C43: MANAVGAT | D43: SEYAHAT SÜRESİ → | E43: 0.038194444 | F43: VARIŞ → | G43: =IFERROR(IF(E43="","",SUM($G$11,$E$13:$E43)),"") -> 1.1527778 | I43: =IF(K43="","",I41+1) -> 17 | J43: =IFERROR(IF(K43="","",VLOOKUP(K43,'DURAK İSİMLERİ'!$C:$D,2,0)),"") -> PY1 | K43: PAYAS | L43: SEYAHAT SÜRESİ → | M43: 0.010416667 | N43: VARIŞ → | O43: =IFERROR(IF(M43="","",SUM($O$11,$M$13:$M43)),"") -> 1.3125
D44: PERON SÜRESİ → | E44: 0.0034722222 | F44: KALKIŞ → | G44: =IFERROR(IF(E44="","",SUM($G$11,$E$13:$E44)),"") -> 1.15625 | L44: PERON SÜRESİ → | M44: 0 | N44: KALKIŞ → | O44: =IFERROR(IF(M44="","",SUM($O$11,$M$13:$M44)),"") -> 1.3125
A45: =IF(C45="","",A43+1) -> 18 | B45: =IFERROR(IF(C45="","",VLOOKUP(C45,'DURAK İSİMLERİ'!$C:$D,2,0)),"") -> SR1 | C45: SERİK | D45: SEYAHAT SÜRESİ → | E45: 0.027777778 | F45: VARIŞ → | G45: =IFERROR(IF(E45="","",SUM($G$11,$E$13:$E45)),"") -> 1.1840278 | I45: =IF(K45="","",I43+1) -> 18 | J45: =IFERROR(IF(K45="","",VLOOKUP(K45,'DURAK İSİMLERİ'!$C:$D,2,0)),"") | K45: İSKENDERUN | L45: SEYAHAT SÜRESİ → | M45: 0.020833333 | N45: VARIŞ → | O45: =IFERROR(IF(M45="","",SUM($O$11,$M$13:$M45)),"") -> 1.3333333
D46: PERON SÜRESİ → | E46: 0.0034722222 | F46: KALKIŞ → | G46: =IFERROR(IF(E46="","",SUM($G$11,$E$13:$E46)),"") -> 1.1875 | L46: PERON SÜRESİ → | M46: 0 | N46: KALKIŞ → | O46: =IFERROR(IF(M46="","",SUM($O$11,$M$13:$M46)),"") -> 1.3333333
A47: =IF(C47="","",A45+1) -> 19 | B47: =IFERROR(IF(C47="","",VLOOKUP(C47,'DURAK İSİMLERİ'!$C:$D,2,0)),"") -> AT1 | C47: ANTALYA | D47: SEYAHAT SÜRESİ → | E47: 0.03125 | F47: VARIŞ → | G47: =IFERROR(IF(E47="","",SUM($G$11,$E$13:$E47)),"") -> 1.21875 | I47: =IF(K47="","",I45+1) -> 19 | J47: =IFERROR(IF(K47="","",VLOOKUP(K47,'DURAK İSİMLERİ'!$C:$D,2,0)),"") -> QH1 | K47: KIRIKHAN | L47: SEYAHAT SÜRESİ → | M47: 0.020833333 | N47: VARIŞ → | O47: =IFERROR(IF(M47="","",SUM($O$11,$M$13:$M47)),"") -> 1.3541667
D48: PERON SÜRESİ → | E48: 0.010416667 | F48: KALKIŞ → | G48: =IFERROR(IF(E48="","",SUM($G$11,$E$13:$E48)),"") -> 1.2291667 | L48: PERON SÜRESİ → | M48: 0 | N48: KALKIŞ → | O48: =IFERROR(IF(M48="","",SUM($O$11,$M$13:$M48)),"") -> 1.3541667
A49: =IF(C49="","",A47+1) -> 20 | B49: =IFERROR(IF(C49="","",VLOOKUP(C49,'DURAK İSİMLERİ'!$C:$D,2,0)),"") -> FH1 | C49: FETHİYE | D49: SEYAHAT SÜRESİ → | E49: 0.10416667 | F49: VARIŞ → | G49: =IFERROR(IF(E49="","",SUM($G$11,$E$13:$E49)),"") -> 1.3333333 | I49: =IF(K49="","",I47+1) -> 20 | J49: =IFERROR(IF(K49="","",VLOOKUP(K49,'DURAK İSİMLERİ'!$C:$D,2,0)),"") -> HT1 | K49: HATAY | L49: SEYAHAT SÜRESİ → | M49: 0.020833333 | N49: VARIŞ → | O49: =IFERROR(IF(M49="","",SUM($O$11,$M$13:$M49)),"") -> 1.375
D50: PERON SÜRESİ → | E50: 0 | F50: KALKIŞ → | G50: =IFERROR(IF(E50="","",SUM($G$11,$E$13:$E50)),"") -> 1.3333333 | L50: PERON SÜRESİ → | M50: 0 | N50: KALKIŞ → | O50: =IFERROR(IF(M50="","",SUM($O$11,$M$13:$M50)),"") -> 1.375
A51: =IF(C51="","",A49+1) | B51: =IFERROR(IF(C51="","",VLOOKUP(C51,'DURAK İSİMLERİ'!$C:$D,2,0)),"") | D51: SEYAHAT SÜRESİ → | F51: VARIŞ → | G51: =IFERROR(IF(E51="","",SUM($G$11,$E$13:$E51)),"") | I51: =IF(K51="","",I49+1) | J51: =IFERROR(IF(K51="","",VLOOKUP(K51,'DURAK İSİMLERİ'!$C:$D,2,0)),"") | L51: SEYAHAT SÜRESİ → | N51: VARIŞ → | O51: =IFERROR(IF(M51="","",SUM($O$11,$M$13:$M51)),"")
D52: PERON SÜRESİ → | F52: KALKIŞ → | G52: =IFERROR(IF(E52="","",SUM($G$11,$E$13:$E52)),"") | L52: PERON SÜRESİ → | N52: KALKIŞ → | O52: =IFERROR(IF(M52="","",SUM($O$11,$M$13:$M52)),"")
A53: =IF(C53="","",A51+1) | B53: =IFERROR(IF(C53="","",VLOOKUP(C53,'DURAK İSİMLERİ'!$C:$D,2,0)),"") | D53: SEYAHAT SÜRESİ → | F53: VARIŞ → | G53: =IFERROR(IF(E53="","",SUM($G$11,$E$13:$E53)),"") | I53: =IF(K53="","",I51+1) | J53: =IFERROR(IF(K53="","",VLOOKUP(K53,'DURAK İSİMLERİ'!$C:$D,2,0)),"") | L53: SEYAHAT SÜRESİ → | N53: VARIŞ → | O53: =IFERROR(IF(M53="","",SUM($O$11,$M$13:$M53)),"")
D54: PERON SÜRESİ → | F54: KALKIŞ → | G54: =IFERROR(IF(E54="","",SUM($G$11,$E$13:$E54)),"") | L54: PERON SÜRESİ → | N54: KALKIŞ → | O54: =IFERROR(IF(M54="","",SUM($O$11,$M$13:$M54)),"")
A55: =IF(C55="","",A53+1) | B55: =IFERROR(IF(C55="","",VLOOKUP(C55,'DURAK İSİMLERİ'!$C:$D,2,0)),"") | D55: SEYAHAT SÜRESİ → | F55: VARIŞ → | G55: =IFERROR(IF(E55="","",SUM($G$11,$E$13:$E55)),"") | I55: =IF(K55="","",I53+1) | J55: =IFERROR(IF(K55="","",VLOOKUP(K55,'DURAK İSİMLERİ'!$C:$D,2,0)),"") | L55: SEYAHAT SÜRESİ → | N55: VARIŞ → | O55: =IFERROR(IF(M55="","",SUM($O$11,$M$13:$M55)),"")
D56: PERON SÜRESİ → | F56: KALKIŞ → | G56: =IFERROR(IF(E56="","",SUM($G$11,$E$13:$E56)),"") | L56: PERON SÜRESİ → | N56: KALKIŞ → | O56: =IFERROR(IF(M56="","",SUM($O$11,$M$13:$M56)),"")
A57: =IF(C57="","",A55+1) | B57: =IFERROR(IF(C57="","",VLOOKUP(C57,'DURAK İSİMLERİ'!$C:$D,2,0)),"") | D57: SEYAHAT SÜRESİ → | F57: VARIŞ → | G57: =IFERROR(IF(E57="","",SUM($G$11,$E$13:$E57)),"") | I57: =IF(K57="","",I55+1) | J57: =IFERROR(IF(K57="","",VLOOKUP(K57,'DURAK İSİMLERİ'!$C:$D,2,0)),"") | L57: SEYAHAT SÜRESİ → | N57: VARIŞ → | O57: =IFERROR(IF(M57="","",SUM($O$11,$M$13:$M57)),"")
D58: PERON SÜRESİ → | F58: KALKIŞ → | G58: =IFERROR(IF(E58="","",SUM($G$11,$E$13:$E58)),"") | L58: PERON SÜRESİ → | N58: KALKIŞ → | O58: =IFERROR(IF(M58="","",SUM($O$11,$M$13:$M58)),"")
A59: =IF(C59="","",A57+1) | B59: =IFERROR(IF(C59="","",VLOOKUP(C59,'DURAK İSİMLERİ'!$C:$D,2,0)),"") | D59: SEYAHAT SÜRESİ → | F59: VARIŞ → | G59: =IFERROR(IF(E59="","",SUM($G$11,$E$13:$E59)),"") | I59: =IF(K59="","",I57+1) | J59: =IFERROR(IF(K59="","",VLOOKUP(K59,'DURAK İSİMLERİ'!$C:$D,2,0)),"") | L59: SEYAHAT SÜRESİ → | N59: VARIŞ → | O59: =IFERROR(IF(M59="","",SUM($O$11,$M$13:$M59)),"")
D60: PERON SÜRESİ → | F60: KALKIŞ → | G60: =IFERROR(IF(E60="","",SUM($G$11,$E$13:$E60)),"") | L60: PERON SÜRESİ → | N60: KALKIŞ → | O60: =IFERROR(IF(M60="","",SUM($O$11,$M$13:$M60)),"")
A61: =IF(C61="","",A59+1) | B61: =IFERROR(IF(C61="","",VLOOKUP(C61,'DURAK İSİMLERİ'!$C:$D,2,0)),"") | D61: SEYAHAT SÜRESİ → | F61: VARIŞ → | G61: =IFERROR(IF(E61="","",SUM($G$11,$E$13:$E61)),"") | I61: =IF(K61="","",I59+1) | J61: =IFERROR(IF(K61="","",VLOOKUP(K61,'DURAK İSİMLERİ'!$C:$D,2,0)),"") | L61: SEYAHAT SÜRESİ → | N61: VARIŞ → | O61: =IFERROR(IF(M61="","",SUM($O$11,$M$13:$M61)),"")
D62: PERON SÜRESİ → | F62: KALKIŞ → | G62: =IFERROR(IF(E62="","",SUM($G$11,$E$13:$E62)),"") | L62: PERON SÜRESİ → | N62: KALKIŞ → | O62: =IFERROR(IF(M62="","",SUM($O$11,$M$13:$M62)),"")
A63: =IF(C63="","",A61+1) | B63: =IFERROR(IF(C63="","",VLOOKUP(C63,'DURAK İSİMLERİ'!$C:$D,2,0)),"") | D63: SEYAHAT SÜRESİ → | F63: VARIŞ → | G63: =IFERROR(IF(E63="","",SUM($G$11,$E$13:$E63)),"") | I63: =IF(K63="","",I61+1) | J63: =IFERROR(IF(K63="","",VLOOKUP(K63,'DURAK İSİMLERİ'!$C:$D,2,0)),"") | L63: SEYAHAT SÜRESİ → | N63: VARIŞ → | O63: =IFERROR(IF(M63="","",SUM($O$11,$M$13:$M63)),"")
D64: PERON SÜRESİ → | F64: KALKIŞ → | G64: =IFERROR(IF(E64="","",SUM($G$11,$E$13:$E64)),"") | L64: PERON SÜRESİ → | N64: KALKIŞ → | O64: =IFERROR(IF(M64="","",SUM($O$11,$M$13:$M64)),"")
A65: =IF(C65="","",A63+1) | B65: =IFERROR(IF(C65="","",VLOOKUP(C65,'DURAK İSİMLERİ'!$C:$D,2,0)),"") | D65: SEYAHAT SÜRESİ → | F65: VARIŞ → | G65: =IFERROR(IF(E65="","",SUM($G$11,$E$13:$E65)),"") | I65: =IF(K65="","",I63+1) | J65: =IFERROR(IF(K65="","",VLOOKUP(K65,'DURAK İSİMLERİ'!$C:$D,2,0)),"") | L65: SEYAHAT SÜRESİ → | N65: VARIŞ → | O65: =IFERROR(IF(M65="","",SUM($O$11,$M$13:$M65)),"")
D66: PERON SÜRESİ → | F66: KALKIŞ → | G66: =IFERROR(IF(E66="","",SUM($G$11,$E$13:$E66)),"") | L66: PERON SÜRESİ → | N66: KALKIŞ → | O66: =IFERROR(IF(M66="","",SUM($O$11,$M$13:$M66)),"")
A67: =IF(C67="","",A65+1) | B67: =IFERROR(IF(C67="","",VLOOKUP(C67,'DURAK İSİMLERİ'!$C:$D,2,0)),"") | D67: SEYAHAT SÜRESİ → | F67: VARIŞ → | G67: =IFERROR(IF(E67="","",SUM($G$11,$E$13:$E67)),"") | I67: =IF(K67="","",I65+1) | J67: =IFERROR(IF(K67="","",VLOOKUP(K67,'DURAK İSİMLERİ'!$C:$D,2,0)),"") | L67: SEYAHAT SÜRESİ → | N67: VARIŞ → | O67: =IFERROR(IF(M67="","",SUM($O$11,$M$13:$M67)),"")
D68: PERON SÜRESİ → | F68: KALKIŞ → | G68: =IFERROR(IF(E68="","",SUM($G$11,$E$13:$E68)),"") | L68: PERON SÜRESİ → | N68: KALKIŞ → | O68: =IFERROR(IF(M68="","",SUM($O$11,$M$13:$M68)),"")
A69: =IF(C69="","",A67+1) | B69: =IFERROR(IF(C69="","",VLOOKUP(C69,'DURAK İSİMLERİ'!$C:$D,2,0)),"") | D69: SEYAHAT SÜRESİ → | F69: VARIŞ → | G69: =IFERROR(IF(E69="","",SUM($G$11,$E$13:$E69)),"") | I69: =IF(K69="","",I67+1) | J69: =IFERROR(IF(K69="","",VLOOKUP(K69,'DURAK İSİMLERİ'!$C:$D,2,0)),"") | L69: SEYAHAT SÜRESİ → | N69: VARIŞ → | O69: =IFERROR(IF(M69="","",SUM($O$11,$M$13:$M69)),"")
D70: PERON SÜRESİ → | F70: KALKIŞ → | G70: =IFERROR(IF(E70="","",SUM($G$11,$E$13:$E70)),"") | L70: PERON SÜRESİ → | N70: KALKIŞ → | O70: =IFERROR(IF(M70="","",SUM($O$11,$M$13:$M70)),"")
A71: =IF(C71="","",A69+1) | B71: =IFERROR(IF(C71="","",VLOOKUP(C71,'DURAK İSİMLERİ'!$C:$D,2,0)),"") | D71: SEYAHAT SÜRESİ → | F71: VARIŞ → | G71: =IFERROR(IF(E71="","",SUM($G$11,$E$13:$E71)),"") | I71: =IF(K71="","",I69+1) | J71: =IFERROR(IF(K71="","",VLOOKUP(K71,'DURAK İSİMLERİ'!$C:$D,2,0)),"") | L71: SEYAHAT SÜRESİ → | N71: VARIŞ → | O71: =IFERROR(IF(M71="","",SUM($O$11,$M$13:$M71)),"")
D72: PERON SÜRESİ → | F72: KALKIŞ → | G72: =IFERROR(IF(E72="","",SUM($G$11,$E$13:$E72)),"") | L72: PERON SÜRESİ → | N72: KALKIŞ → | O72: =IFERROR(IF(M72="","",SUM($O$11,$M$13:$M72)),"")
A73: =IF(C73="","",A71+1) | B73: =IFERROR(IF(C73="","",VLOOKUP(C73,'DURAK İSİMLERİ'!$C:$D,2,0)),"") | D73: SEYAHAT SÜRESİ → | F73: VARIŞ → | G73: =IFERROR(IF(E73="","",SUM($G$11,$E$13:$E73)),"") | I73: =IF(K73="","",I71+1) | J73: =IFERROR(IF(K73="","",VLOOKUP(K73,'DURAK İSİMLERİ'!$C:$D,2,0)),"") | L73: SEYAHAT SÜRESİ → | N73: VARIŞ → | O73: =IFERROR(IF(M73="","",SUM($O$11,$M$13:$M73)),"")
D74: PERON SÜRESİ → | F74: KALKIŞ → | G74: =IFERROR(IF(E74="","",SUM($G$11,$E$13:$E74)),"") | L74: PERON SÜRESİ → | N74: KALKIŞ → | O74: =IFERROR(IF(M74="","",SUM($O$11,$M$13:$M74)),"")
A75: =IF(C75="","",A73+1) | B75: =IFERROR(IF(C75="","",VLOOKUP(C75,'DURAK İSİMLERİ'!$C:$D,2,0)),"") | D75: SEYAHAT SÜRESİ → | F75: VARIŞ → | G75: =IFERROR(IF(E75="","",SUM($G$11,$E$13:$E75)),"") | I75: =IF(K75="","",I73+1) | J75: =IFERROR(IF(K75="","",VLOOKUP(K75,'DURAK İSİMLERİ'!$C:$D,2,0)),"") | L75: SEYAHAT SÜRESİ → | N75: VARIŞ → | O75: =IFERROR(IF(M75="","",SUM($O$11,$M$13:$M75)),"")
D76: PERON SÜRESİ → | F76: KALKIŞ → | G76: =IFERROR(IF(E76="","",SUM($G$11,$E$13:$E76)),"") | L76: PERON SÜRESİ → | N76: KALKIŞ → | O76: =IFERROR(IF(M76="","",SUM($O$11,$M$13:$M76)),"")
A77: =IF(C77="","",A75+1) | B77: =IFERROR(IF(C77="","",VLOOKUP(C77,'DURAK İSİMLERİ'!$C:$D,2,0)),"") | D77: SEYAHAT SÜRESİ → | F77: VARIŞ → | G77: =IFERROR(IF(E77="","",SUM($G$11,$E$13:$E77)),"") | I77: =IF(K77="","",I75+1) | J77: =IFERROR(IF(K77="","",VLOOKUP(K77,'DURAK İSİMLERİ'!$C:$D,2,0)),"") | L77: SEYAHAT SÜRESİ → | N77: VARIŞ → | O77: =IFERROR(IF(M77="","",SUM($O$11,$M$13:$M77)),"")
D78: PERON SÜRESİ → | F78: KALKIŞ → | G78: =IFERROR(IF(E78="","",SUM($G$11,$E$13:$E78)),"") | L78: PERON SÜRESİ → | N78: KALKIŞ → | O78: =IFERROR(IF(M78="","",SUM($O$11,$M$13:$M78)),"")
A79: =IF(C79="","",A77+1) | B79: =IFERROR(IF(C79="","",VLOOKUP(C79,'DURAK İSİMLERİ'!$C:$D,2,0)),"") | D79: SEYAHAT SÜRESİ → | F79: VARIŞ → | G79: =IFERROR(IF(E79="","",SUM($G$11,$E$13:$E79)),"") | I79: =IF(K79="","",I77+1) | J79: =IFERROR(IF(K79="","",VLOOKUP(K79,'DURAK İSİMLERİ'!$C:$D,2,0)),"") | L79: SEYAHAT SÜRESİ → | N79: VARIŞ → | O79: =IFERROR(IF(M79="","",SUM($O$11,$M$13:$M79)),"")
D80: PERON SÜRESİ → | F80: KALKIŞ → | G80: =IFERROR(IF(E80="","",SUM($G$11,$E$13:$E80)),"") | L80: PERON SÜRESİ → | N80: KALKIŞ → | O80: =IFERROR(IF(M80="","",SUM($O$11,$M$13:$M80)),"")
A81: =IF(C81="","",A79+1) | B81: =IFERROR(IF(C81="","",VLOOKUP(C81,'DURAK İSİMLERİ'!$C:$D,2,0)),"") | D81: SEYAHAT SÜRESİ → | F81: VARIŞ → | G81: =IFERROR(IF(E81="","",SUM($G$11,$E$13:$E81)),"") | I81: =IF(K81="","",I79+1) | J81: =IFERROR(IF(K81="","",VLOOKUP(K81,'DURAK İSİMLERİ'!$C:$D,2,0)),"") | L81: SEYAHAT SÜRESİ → | N81: VARIŞ → | O81: =IFERROR(IF(M81="","",SUM($O$11,$M$13:$M81)),"")
D82: PERON SÜRESİ → | F82: KALKIŞ → | G82: =IFERROR(IF(E82="","",SUM($G$11,$E$13:$E82)),"") | L82: PERON SÜRESİ → | N82: KALKIŞ → | O82: =IFERROR(IF(M82="","",SUM($O$11,$M$13:$M82)),"")
A83: =IF(C83="","",A81+1) | B83: =IFERROR(IF(C83="","",VLOOKUP(C83,'DURAK İSİMLERİ'!$C:$D,2,0)),"") | D83: SEYAHAT SÜRESİ → | F83: VARIŞ → | G83: =IFERROR(IF(E83="","",SUM($G$11,$E$13:$E83)),"") | I83: =IF(K83="","",I81+1) | J83: =IFERROR(IF(K83="","",VLOOKUP(K83,'DURAK İSİMLERİ'!$C:$D,2,0)),"") | L83: SEYAHAT SÜRESİ → | N83: VARIŞ → | O83: =IFERROR(IF(M83="","",SUM($O$11,$M$13:$M83)),"")
D84: PERON SÜRESİ → | F84: KALKIŞ → | G84: =IFERROR(IF(E84="","",SUM($G$11,$E$13:$E84)),"") | L84: PERON SÜRESİ → | N84: KALKIŞ → | O84: =IFERROR(IF(M84="","",SUM($O$11,$M$13:$M84)),"")
A85: =IF(C85="","",A83+1) | B85: =IFERROR(IF(C85="","",VLOOKUP(C85,'DURAK İSİMLERİ'!$C:$D,2,0)),"") | D85: SEYAHAT SÜRESİ → | F85: VARIŞ → | G85: =IFERROR(IF(E85="","",SUM($G$11,$E$13:$E85)),"") | I85: =IF(K85="","",I83+1) | J85: =IFERROR(IF(K85="","",VLOOKUP(K85,'DURAK İSİMLERİ'!$C:$D,2,0)),"") | L85: SEYAHAT SÜRESİ → | N85: VARIŞ → | O85: =IFERROR(IF(M85="","",SUM($O$11,$M$13:$M85)),"")
D86: PERON SÜRESİ → | F86: KALKIŞ → | G86: =IFERROR(IF(E86="","",SUM($G$11,$E$13:$E86)),"") | L86: PERON SÜRESİ → | N86: KALKIŞ → | O86: =IFERROR(IF(M86="","",SUM($O$11,$M$13:$M86)),"")
A87: =IF(C87="","",A85+1) | B87: =IFERROR(IF(C87="","",VLOOKUP(C87,'DURAK İSİMLERİ'!$C:$D,2,0)),"") | D87: SEYAHAT SÜRESİ → | F87: VARIŞ → | G87: =IFERROR(IF(E87="","",SUM($G$11,$E$13:$E87)),"") | I87: =IF(K87="","",I85+1) | J87: =IFERROR(IF(K87="","",VLOOKUP(K87,'DURAK İSİMLERİ'!$C:$D,2,0)),"") | L87: SEYAHAT SÜRESİ → | N87: VARIŞ → | O87: =IFERROR(IF(M87="","",SUM($O$11,$M$13:$M87)),"")
D88: PERON SÜRESİ → | F88: KALKIŞ → | G88: =IFERROR(IF(E88="","",SUM($G$11,$E$13:$E88)),"") | L88: PERON SÜRESİ → | N88: KALKIŞ → | O88: =IFERROR(IF(M88="","",SUM($O$11,$M$13:$M88)),"")
A89: =IF(C89="","",A87+1) | B89: =IFERROR(IF(C89="","",VLOOKUP(C89,'DURAK İSİMLERİ'!$C:$D,2,0)),"") | D89: SEYAHAT SÜRESİ → | F89: VARIŞ → | G89: =IFERROR(IF(E89="","",SUM($G$11,$E$13:$E89)),"") | I89: =IF(K89="","",I87+1) | J89: =IFERROR(IF(K89="","",VLOOKUP(K89,'DURAK İSİMLERİ'!$C:$D,2,0)),"") | L89: SEYAHAT SÜRESİ → | N89: VARIŞ → | O89: =IFERROR(IF(M89="","",SUM($O$11,$M$13:$M89)),"")
D90: PERON SÜRESİ → | F90: KALKIŞ → | G90: =IFERROR(IF(E90="","",SUM($G$11,$E$13:$E90)),"") | L90: PERON SÜRESİ → | N90: KALKIŞ → | O90: =IFERROR(IF(M90="","",SUM($O$11,$M$13:$M90)),"")
A91: =IF(C91="","",A89+1) | B91: =IFERROR(IF(C91="","",VLOOKUP(C91,'DURAK İSİMLERİ'!$C:$D,2,0)),"") | D91: SEYAHAT SÜRESİ → | F91: VARIŞ → | G91: =IFERROR(IF(E91="","",SUM($G$11,$E$13:$E91)),"") | I91: =IF(K91="","",I89+1) | J91: =IFERROR(IF(K91="","",VLOOKUP(K91,'DURAK İSİMLERİ'!$C:$D,2,0)),"") | L91: SEYAHAT SÜRESİ → | N91: VARIŞ → | O91: =IFERROR(IF(M91="","",SUM($O$11,$M$13:$M91)),"")
D92: PERON SÜRESİ → | F92: KALKIŞ → | G92: =IFERROR(IF(E92="","",SUM($G$11,$E$13:$E92)),"") | L92: PERON SÜRESİ → | N92: KALKIŞ → | O92: =IFERROR(IF(M92="","",SUM($O$11,$M$13:$M92)),"")
A93: =IF(C93="","",A91+1) | B93: =IFERROR(IF(C93="","",VLOOKUP(C93,'DURAK İSİMLERİ'!$C:$D,2,0)),"") | D93: SEYAHAT SÜRESİ → | F93: VARIŞ → | G93: =IFERROR(IF(E93="","",SUM($G$11,$E$13:$E93)),"") | I93: =IF(K93="","",I91+1) | J93: =IFERROR(IF(K93="","",VLOOKUP(K93,'DURAK İSİMLERİ'!$C:$D,2,0)),"") | L93: SEYAHAT SÜRESİ → | N93: VARIŞ → | O93: =IFERROR(IF(M93="","",SUM($O$11,$M$13:$M93)),"")
D94: PERON SÜRESİ → | F94: KALKIŞ → | G94: =IFERROR(IF(E94="","",SUM($G$11,$E$13:$E94)),"") | L94: PERON SÜRESİ → | N94: KALKIŞ → | O94: =IFERROR(IF(M94="","",SUM($O$11,$M$13:$M94)),"")
A95: =IF(C95="","",A93+1) | B95: =IFERROR(IF(C95="","",VLOOKUP(C95,'DURAK İSİMLERİ'!$C:$D,2,0)),"") | D95: SEYAHAT SÜRESİ → | F95: VARIŞ → | G95: =IFERROR(IF(E95="","",SUM($G$11,$E$13:$E95)),"") | I95: =IF(K95="","",I93+1) | J95: =IFERROR(IF(K95="","",VLOOKUP(K95,'DURAK İSİMLERİ'!$C:$D,2,0)),"") | L95: SEYAHAT SÜRESİ → | N95: VARIŞ → | O95: =IFERROR(IF(M95="","",SUM($O$11,$M$13:$M95)),"")
D96: PERON SÜRESİ → | F96: KALKIŞ → | G96: =IFERROR(IF(E96="","",SUM($G$11,$E$13:$E96)),"") | L96: PERON SÜRESİ → | N96: KALKIŞ → | O96: =IFERROR(IF(M96="","",SUM($O$11,$M$13:$M96)),"")
A97: =IF(C97="","",A95+1) | B97: =IFERROR(IF(C97="","",VLOOKUP(C97,'DURAK İSİMLERİ'!$C:$D,2,0)),"") | D97: SEYAHAT SÜRESİ → | F97: VARIŞ → | G97: =IFERROR(IF(E97="","",SUM($G$11,$E$13:$E97)),"") | I97: =IF(K97="","",I95+1) | J97: =IFERROR(IF(K97="","",VLOOKUP(K97,'DURAK İSİMLERİ'!$C:$D,2,0)),"") | L97: SEYAHAT SÜRESİ → | N97: VARIŞ → | O97: =IFERROR(IF(M97="","",SUM($O$11,$M$13:$M97)),"")
D98: PERON SÜRESİ → | F98: KALKIŞ → | G98: =IFERROR(IF(E98="","",SUM($G$11,$E$13:$E98)),"") | L98: PERON SÜRESİ → | N98: KALKIŞ → | O98: =IFERROR(IF(M98="","",SUM($O$11,$M$13:$M98)),"")
A99: =IF(C99="","",A97+1) | B99: =IFERROR(IF(C99="","",VLOOKUP(C99,'DURAK İSİMLERİ'!$C:$D,2,0)),"") | D99: SEYAHAT SÜRESİ → | F99: VARIŞ → | G99: =IFERROR(IF(E99="","",SUM($G$11,$E$13:$E99)),"") | I99: =IF(K99="","",I97+1) | J99: =IFERROR(IF(K99="","",VLOOKUP(K99,'DURAK İSİMLERİ'!$C:$D,2,0)),"") | L99: SEYAHAT SÜRESİ → | N99: VARIŞ → | O99: =IFERROR(IF(M99="","",SUM($O$11,$M$13:$M99)),"")
D100: PERON SÜRESİ → | F100: KALKIŞ → | G100: =IFERROR(IF(E100="","",SUM($G$11,$E$13:$E100)),"") | L100: PERON SÜRESİ → | N100: KALKIŞ → | O100: =IFERROR(IF(M100="","",SUM($O$11,$M$13:$M100)),"")

Sheet YASAK EKLEME & KALDIRMA
A1: DURAKLAR ARASI YASAK EKLEME / KALDIRMA FORMU
A2: TALEP TARİHİ
A3: TALEP EDEN (AD & SOYAD)
A4: BAĞLI OLDUĞU TUR
B6: YASAK EKLENECEK / KALDIRILACAK DURAKLAR
A7: S.N. | B7: HAT KODU | C7: KALKIŞ DURAĞI | D7: VARIŞ DURAĞI | E7: YASAK EKLEME / KALDIRMA
A8: 1
A9: 2
A10: 3
A11: 4
A12: 5
A13: 6
A14: 7
A15: 8
A16: 9
A17: 10
A18: 11
A19: 12
... A57: 50

Sheet DURAK İSİMLERİ
A1: Kod | B1: Durak ismi | C1: Durak ismi | D1: Kod | E1: Enlem | F1: Boylam | G1: Enlem - Boylam | J1: YASAKLA
A2: IE1 | B2: İstanbul Esenler bus station | C2: 14 Evler Camii | D2: EV! | E2: 38.02953 | F2: 27.08082 | G2: =CONCATENATE(E2," - ",F2) -> 38,02953 - 27,08082 | J2: YASAKLAMA
A3: IA1 | B3: İstanbul Alibeyköy bus station | C3: Abdipaşa | D3: PS1 | E3: 41.52032 | F3: 32.55616 | G3: =CONCATENATE(E3," - ",F3) -> 41,52032 - 32,55616
A4: ID1 | B4: İstanbul Dudullu bus station | C4: Acıgöl | D4: GL1 | E4: 38.549228 | F4: 34.504216 | G4: =CONCATENATE(E4," - ",F4) -> 38,549228 - 34,504216
A5: AR1 | B5: Ankara bus station | C5: Acıpayam | D5: QX1 | E5: 37.428709 | F5: 29.352137 | G5: =CONCATENATE(E5," - ",F5) -> 37,428709 - 29,352137
A6: IZ1 | B6: Izmir bus station | C6: Acipayam | D6: AP! | E6: 37.78465 | F6: 29.0911 | G6: =CONCATENATE(E6," - ",F6) -> 37,78465 - 29,0911
A7: GE1 | B7: Gebze bus station | C7: Adalya Dinlenme Tesisi | D7: AD3 | E7: 38.523492 | F7: 30.220352 | G7: =CONCATENATE(E7," - ",F7) -> 38,523492 - 30,220352
A8: YL1 | B8: Yalova bus station | C8: Adana | D8: AD1 | E8: 36.997043 | F8: 35.262125 | G8: =CONCATENATE(E8," - ",F8) -> 36,9970433171 - 35,2621250552
A9: BU1 | B9: Bursa bus station | C9: Adliye Kavşağı | D9: AD! | E9: 37.950323 | F9: 32.509435 | G9: =CONCATENATE(E9," - ",F9) -> 37,950323 - 32,509435
A10: BL1 | B10: Balıkesir bus station | C10: Adrasan Bölge Trafik | D10: AR! | E10: 36.363807 | F10: 30.303592 | G10: =CONCATENATE(E10," - ",F10) -> 36,363807 - 30,303592
A11: AKH | B11: Akhisar - DO NOT USE | C11: Afyon | D11: AF1 | E11: 38.790436 | F11: 30.510664 | G11: =CONCATENATE(E11," - ",F11) -> 38,790436 - 30,510664
A12: MANISA | B12: Manisa | C12: Afyon Kamil Koç Dinlenme Tesisi | D12: AF3 | E12: 38.790436 | F12: 30.510664 | G12: =CONCATENATE(E12," - ",F12) -> 38,790436 - 30,510664
A13: SK1 | B13: Sakarya bus station | C13: Ağaçlı | D13: AG! | E13: 38.358341 | F13: 33.983653 | G13: =CONCATENATE(E13," - ",F13) -> 38,358341 - 33,983653
A14: DZ1 | B14: Düzce bus station | C14: Ağaçlı Dinlenme Tesisi | D14: AG3 | E14: 38.386175 | F14: 33.993918 | G14: =CONCATENATE(E14," - ",F14) -> 38,3861748964381 - 33,9939180823706
... A802: MD3 | B802: Mengen Lezzet Dünyası rest station | C802: Zorlu Park Dinlenme Tesisi | D802: ZP3 | E802: 41.14318 | F802: 37.147881 | G802: =CONCATENATE(E802," - ",F802) -> 41,14318044 - 37,14788118
